Pos;artist;title;Total;country
1;Post Malone ;rockstar;458842526;USA
2;Drake ;One Dance;456343099;USA
3;Kendrick Lamar ;HUMBLE.;455661652;USA
4;Lil Uzi Vert ;XO TOUR Llif3;451915172;USA
5;Drake ;God's Plan;423693797;USA
6;Post Malone ;Congratulations;406309152;USA
7;The Chainsmokers ;Closer;398875454;USA
8;Ed Sheeran ;Shape of You;351265970;USA
9;Khalid ;Location;320227689;USA
10;Travis Scott ;goosebumps;317019495;USA
11;Logic ;1-800-273-8255;313372846;USA
12;The Weeknd ;Starboy;308822704;USA
13;J. Cole ;No Role Modelz;302928061;USA
14;Post Malone ;White Iverson;292174247;USA
15;French Montana ;Unforgettable;290186775;USA
16;Post Malone ;I Fall Apart;287576006;USA
17;DRAM ;Broccoli;285753758;USA
18;Drake ;Fake Love;278735132;USA
19;21 Savage ;Bank Account;278616207;USA
20;XXXTENTACION ;SAD!;272647139;USA
21;Future ;Mask Off;272306510;USA
22;Post Malone ;Psycho;272127737;USA
23;Luis Fonsi ;Despacito ;266222913;USA
24;Kendrick Lamar ;LOVE. FEAT. ZACARI.;264514381;USA
25;KYLE ;iSpy;263661009;USA
1;Ed Sheeran ;Shape of You;162863213;GBR
2;Drake ;One Dance;148811149;GBR
3;Luis Fonsi ;Despacito ;105976929;GBR
4;Ed Sheeran ;Castle on the Hill;103877016;GBR
5;French Montana ;Unforgettable;102294719;GBR
6;Ed Sheeran ;Thinking Out Loud;100683664;GBR
7;Post Malone ;rockstar;98666843;GBR
8;Justin Bieber ;Sorry;96347535;GBR
9;Dua Lipa ;New Rules;95883527;GBR
10;James Arthur ;Say You Won't Let Go;93963195;GBR
11;Drake ;God's Plan;92336938;GBR
12;Justin Bieber ;Love Yourself;92055226;GBR
13;The Chainsmokers ;Closer;91829029;GBR
14;The Killers ;Mr. Brightside;84750016;GBR
15;Camila Cabello ;Havana;83743797;GBR
16;Ed Sheeran ;Galway Girl;83334335;GBR
17;Mike Posner ;I Took A Pill In Ibiza  - Seeb Remix;79863630;GBR
18;Justin Bieber ;What Do You Mean?;79586832;GBR
19;Ed Sheeran ;Perfect;75302677;GBR
20;Clean Bandit ;Symphony;74851036;GBR
21;Calvin Harris ;One Kiss;74391657;GBR
22;Major Lazer ;Cold Water;73285659;GBR
23;Major Lazer ;Lean On;72915930;GBR
24;Ed Sheeran ;Photograph;71885945;GBR
25;Drake ;Nice For What;67708296;GBR
1;Luis Fonsi ;Despacito (Featuring Daddy Yankee);67086;AND
2;Ed Sheeran ;Shape of You;60876;AND
3;Enrique Iglesias ;SUBEME LA RADIO;35659;AND
4;Luis Fonsi ;Despacito ;28579;AND
5;Shakira ;Chantaje;27667;AND
6;Drake ;One Dance;27414;AND
7;Maluma ;Felices los 4;25429;AND
8;Danny Ocean ;Me Rehúso;25268;AND
9;The Chainsmokers ;Something Just Like This;24563;AND
10;Clean Bandit ;Rockabye;23734;AND
11;Kygo ;It Ain't Me;22392;AND
12;Mike Posner ;I Took A Pill In Ibiza -  Seeb Remix;20501;AND
13;Jason Derulo ;Swalla;19807;AND
14;Justin Bieber ;Sorry;19777;AND
15;Enrique Iglesias ;DUELE EL CORAZON;19176;AND
16;Clean Bandit ;Symphony;19022;AND
17;Alan Walker ;Faded;18974;AND
18;CNCO ;Reggaetón Lento (Bailemos);1895;AND
19;Adele ;Hello;18505;AND
20;DJ Snake ;Let Me Love You;18496;AND
21;Justin Bieber ;Love Yourself;17282;AND
22;Shakira ;Me Enamoré;16929;AND
23;The Chainsmokers ;Paris;16926;AND
24;The Chainsmokers ;Closer;16851;AND
25;Justin Bieber ;What Do You Mean?;16222;AND
1;Danny Ocean ;Me Rehúso;64335685;ARG
2;Luis Fonsi ;Despacito (Featuring Daddy Yankee);58753237;ARG
3;Natti Natasha ;Criminal;54902829;ARG
4;Maluma ;Felices los 4;52812502;ARG
5;Ed Sheeran ;Shape of You;52700144;ARG
6;Zion & Lennox ;Otra Vez;48423436;ARG
7;Wisin ;Escápate Conmigo;46724367;ARG
8;CNCO ;Reggaetón Lento (Bailemos);45366335;ARG
9;Ozuna ;Se Preparó;42611468;ARG
10;Chris Jeday ;Ahora Dice;40725250;ARG
11;Becky G ;Mayores;39654612;ARG
12;Sebastian Yatra ;Traicionera;39608563;ARG
13;Piso 21 ;Déjala Que Vuelva;39532084;ARG
14;Shakira ;Chantaje;38653551;ARG
15;Maluma ;Corazón;38319739;ARG
16;Maluma ;Borro Cassette;37715826;ARG
17;Nicky Jam ;El Amante;37095738;ARG
18;Ricky Martin ;Vente Pa' Ca;36944506;ARG
19;J Balvin ;Mi Gente;36458868;ARG
20;Wolfine ;Bella;36148951;ARG
21;Luis Fonsi ;Échame La Culpa;35533109;ARG
22;Nacho ;Báilame ;35525572;ARG
23;J Balvin ;Bonita;35447055;ARG
24;Bad Bunny ;Sensualidad;35154192;ARG
25;CNCO ;Hey DJ;35142697;ARG
1;Ed Sheeran ;Shape of You;70721842;AUS
2;Post Malone ;rockstar;55840722;AUS
3;The Chainsmokers ;Closer;55771971;AUS
4;Drake ;One Dance;55002370;AUS
5;Kendrick Lamar ;HUMBLE.;47240733;AUS
6;Post Malone ;I Fall Apart;46842391;AUS
7;Flume ;Never Be Like You;45436163;AUS
8;Drake ;God's Plan;44304886;AUS
9;The Weeknd ;Starboy;43989478;AUS
10;James Arthur ;Say You Won't Let Go;42844040;AUS
11;Camila Cabello ;Havana;41554079;AUS
12;Dua Lipa ;New Rules;41362831;AUS
13;Khalid ;Young Dumb & Broke;40411564;AUS
14;Imagine Dragons ;Thunder;39477940;AUS
15;Post Malone ;Congratulations;39390321;AUS
16;Luis Fonsi ;Despacito ;39076822;AUS
17;Marshmello ;Silence;38655075;AUS
18;Ed Sheeran ;Thinking Out Loud;38082357;AUS
19;French Montana ;Unforgettable;37972018;AUS
20;Lauv ;I Like Me Better;37730338;AUS
21;Logic ;1-800-273-8255;37491630;AUS
22;Major Lazer ;Cold Water;36951682;AUS
23;Ed Sheeran ;Castle on the Hill;36420425;AUS
24;Ed Sheeran ;Perfect;36144685;AUS
25;Justin Bieber ;Love Yourself;35387796;AUS
1;Ed Sheeran ;Shape of You;7218243;AUT
2;Axwell /\ Ingrosso ;More Than You Know;5059073;AUT
3;Post Malone ;rockstar;4833105;AUT
4;Bausa ;Was Du Liebe nennst;4798180;AUT
5;Imagine Dragons ;Thunder;4659861;AUT
6;Alan Walker ;Faded;4166095;AUT
7;Camila Cabello ;Havana;4111430;AUT
8;Imagine Dragons ;Believer;4017302;AUT
9;The Chainsmokers ;Closer;3892854;AUT
10;Martin Jensen ;Solo Dance;3846119;AUT
11;RAF Camora ;Primo;3832771;AUT
12;The Chainsmokers ;Don't Let Me Down;3802951;AUT
13;Bonez MC ;Ohne mein Team;3797864;AUT
14;Drake ;One Dance;3742472;AUT
15;Marshmello ;Silence;3732123;AUT
16;The Chainsmokers ;Something Just Like This;3632024;AUT
17;Major Lazer ;Lean On;3436825;AUT
18;Robin Schulz ;OK;3404984;AUT
19;Dennis Lloyd ;Nevermind;3389466;AUT
20;Lauv ;I Like Me Better;3363212;AUT
21;Ed Sheeran ;Perfect;3334475;AUT
22;Twenty One Pilots ;Stressed Out;3281722;AUT
23;Major Lazer ;Light It Up;3204561;AUT
24;French Montana ;Unforgettable;3193589;AUT
25;Sia ;Cheap Thrills;3127014;AUT
1;Ed Sheeran ;Shape of You;15093964;BEL
2;Drake ;One Dance;9259920;BEL
3;Ed Sheeran ;Thinking Out Loud;7922996;BEL
4;Major Lazer ;Lean On;7857101;BEL
5;Post Malone ;rockstar;7591891;BEL
6;Camila Cabello ;Havana;7512492;BEL
7;Dua Lipa ;New Rules;7424139;BEL
8;The Chainsmokers ;Closer;7245297;BEL
9;The Chainsmokers ;Something Just Like This;7157549;BEL
10;John Legend ;All of Me;7003001;BEL
11;The Chainsmokers ;Don't Let Me Down;6746384;BEL
12;Macklemore & Ryan Lewis ;Can't Hold Us;6592943;BEL
13;Drake ;God's Plan;6574946;BEL
14;Hozier ;Take Me To Church;6480433;BEL
15;Calvin Harris ;One Kiss;6433035;BEL
16;Avicii ;Wake Me Up;6193810;BEL
17;Imagine Dragons ;Thunder;6141877;BEL
18;Ed Sheeran ;Perfect;6110380;BEL
19;Mike Posner ;I Took A Pill In Ibiza -  Seeb Remix;6031744;BEL
20;Marshmello ;Silence;5871073;BEL
21;Sia ;Cheap Thrills;5867432;BEL
22;Axwell /\ Ingrosso ;More Than You Know;5851921;BEL
23;Adele ;Hello;5832791;BEL
24;Justin Bieber ;Love Yourself;5803916;BEL
25;Clean Bandit ;Symphony;5764070;BEL
1;Danny Ocean ;Me Rehúso;3601955;BOL
2;Zion & Lennox ;Otra Vez;2764627;BOL
3;Piso 21 ;Déjala Que Vuelva;2757708;BOL
4;Ed Sheeran ;Shape of You;2471623;BOL
5;Maluma ;Felices los 4;2426459;BOL
6;Luis Fonsi ;Despacito (Featuring Daddy Yankee);2217239;BOL
7;Wisin ;Escápate Conmigo;2169135;BOL
8;CNCO ;Reggaetón Lento (Bailemos);2077617;BOL
9;Manuel Turizo ;Una Lady Como Tú;2044021;BOL
10;Sebastian Yatra ;Traicionera;1977202;BOL
11;Natti Natasha ;Criminal;1900696;BOL
12;Maluma ;Corazón;1887443;BOL
13;CNCO ;Hey DJ;1742090;BOL
14;Joey Montana ;Suena El Dembow;1735133;BOL
15;Reik ;Me Niego;1713893;BOL
16;Nicky Jam ;X;1708792;BOL
17;Becky G ;Mayores;1698610;BOL
18;Nio Garcia ;Te Boté ;1681354;BOL
19;Piso 21 ;Me Llamas;1673384;BOL
20;Alex Sensation ;Que Va;1668410;BOL
21;Sebastian Yatra ;Por Perro;1667722;BOL
22;Wolfine ;Bella;1660378;BOL
23;Carlos Vives ;Robarte un Beso;1652289;BOL
24;Bad Bunny ;Sensualidad;1652016;BOL
25;Danny Ocean ;Dembow;1639284;BOL
1;Ed Sheeran ;Shape of You;131774735;BRA
2;Alok ;Hear Me Now;119268930;BRA
3;1Kilo ;Deixe Me Ir ;107841476;BRA
4;Anitta ;Vai malandra;106433106;BRA
5;Henrique & Juliano ;Vidinha de Balada ;103734648;BRA
6;Henrique & Diego ;Raspão ;101334017;BRA
7;Jorge & Mateus ;Propaganda ;94765543;BRA
8;Simone & Simaria ;Regime Fechado ;93763776;BRA
9;Mc Livinho ;Fazer Falta;90204946;BRA
10;MC's Jhowzinho & Kadinho ;Agora Vai Sentar;85921331;BRA
11;Jorge & Mateus ;Paredes ;83846425;BRA
12;Matheus & Kauan ;Te Assumi Pro Brasil ;81196629;BRA
13;Major Lazer ;Sua Cara;80796163;BRA
14;Gusttavo Lima ;Apelido Carinhoso;79596372;BRA
15;Wesley Safadão ;Ar;79163501;BRA
16;Alok ;Never Let Me Go;78174540;BRA
17;Felipe Araújo ;Amor Da Sua Cama;77599455;BRA
18;MC Kevinho ;Ta Tum Tum;76523838;BRA
19;Dua Lipa ;New Rules;73564830;BRA
20;Gustavo Mioto ;Anti;72081528;BRA
21;Gustavo Mioto ;Coladinha em Mim ;71953350;BRA
22;Matheus & Kauan ;Ao Vivo E A Cores;71887243;BRA
23;Pabllo Vittar ;K.O.;70184708;BRA
24;MC Kekel ;Amor de Verdade;70011336;BRA
25;Matheus & Kauan ;Tô Com Moral No Céu! ;69028170;BRA
1;Ed Sheeran ;Shape of You;1006094;BGR
2;Post Malone ;rockstar;835297;BGR
3;Drake ;One Dance;734342;BGR
4;The Weeknd ;Starboy;728522;BGR
5;Kendrick Lamar ;HUMBLE.;566067;BGR
6;Dua Lipa ;New Rules;559157;BGR
7;Camila Cabello ;Havana;551962;BGR
8;French Montana ;Unforgettable;507921;BGR
9;Major Lazer ;Lean On;501172;BGR
10;Imagine Dragons ;Believer;497077;BGR
11;Future ;Mask Off;467131;BGR
12;Lil Uzi Vert ;XO TOUR Llif3;459082;BGR
13;Desiigner ;Panda;456905;BGR
14;Sia ;Cheap Thrills;45588;BGR
15;Imagine Dragons ;Thunder;455219;BGR
16;Portugal. The Man ;Feel It Still;454076;BGR
17;Drake ;God's Plan;448227;BGR
18;The Chainsmokers ;Don't Let Me Down;447627;BGR
19;Arctic Monkeys ;Do I Wanna Know?;443789;BGR
20;The Chainsmokers ;Closer;418875;BGR
21;Luis Fonsi ;Despacito (Featuring Daddy Yankee);396134;BGR
22;G-Eazy;im & I;381377;BGR
23;Shawn Mendes ;Treat You Better;374512;BGR
24;The Weeknd ;The Hills;367098;BGR
25;Ed Sheeran ;Thinking Out Loud;36427;BGR
1;Ed Sheeran ;Shape of You;62021372;CAN
2;Post Malone ;rockstar;60314999;CAN
3;Drake ;One Dance;60008556;CAN
4;Drake ;God's Plan;51969974;CAN
5;Luis Fonsi ;Despacito ;50694653;CAN
6;The Chainsmokers ;Closer;50050511;CAN
7;Kendrick Lamar ;HUMBLE.;48610523;CAN
8;French Montana ;Unforgettable;48155741;CAN
9;Lil Uzi Vert ;XO TOUR Llif3;45325466;CAN
10;Camila Cabello ;Havana;40575627;CAN
11;Post Malone ;Congratulations;40206192;CAN
12;The Weeknd ;Starboy;39658742;CAN
13;Imagine Dragons ;Believer;33709455;CAN
14;James Arthur ;Say You Won't Let Go;33216056;CAN
15;Post Malone ;Psycho;33044427;CAN
16;The Chainsmokers ;Don't Let Me Down;32026166;CAN
17;Drake ;Nice For What;31825167;CAN
18;Dua Lipa ;New Rules;31596110;CAN
19;Imagine Dragons ;Thunder;31250259;CAN
20;DJ Khaled ;I'm the One;30584475;CAN
21;Ed Sheeran ;Perfect;30317839;CAN
22;Logic ;1-800-273-8255;30140001;CAN
23;BlocBoy JB ;Look Alive;29898416;CAN
24;Mike Posner ;I Took A Pill In Ibiza -  Seeb Remix;29120422;CAN
25;Post Malone ;Better Now;28957977;CAN
1;Danny Ocean ;Me Rehúso;59157500;CHL
2;Zion & Lennox ;Otra Vez;53728059;CHL
3;Wisin ;Escápate Conmigo;46255423;CHL
4;Luis Fonsi ;Despacito (Featuring Daddy Yankee);40818119;CHL
5;Ed Sheeran ;Shape of You;39437117;CHL
6;Anuel Aa ;Sola (Remix);38437060;CHL
7;Natti Natasha ;Criminal;38409017;CHL
8;Piso 21 ;Déjala Que Vuelva;37931075;CHL
9;Zion & Lennox ;La Player (Bandolera);36580720;CHL
10;Maluma ;Felices los 4;36415938;CHL
11;CNCO ;Reggaetón Lento (Bailemos);34676292;CHL
12;Nacho ;Báilame ;34379434;CHL
13;Nio Garcia ;Te Boté ;34264195;CHL
14;Ozuna ;Se Preparó;34197629;CHL
15;Chris Jeday ;Ahora Dice;33237518;CHL
16;J Balvin ;Mi Gente;31882895;CHL
17;Wolfine ;Bella;31738249;CHL
18;Romeo Santos ;Bella y Sensual;31482376;CHL
19;Becky G ;Mayores;31374818;CHL
20;Reik ;Me Niego;31063412;CHL
21;Bad Bunny ;Sensualidad;30878574;CHL
22;Luis Fonsi ;Échame La Culpa;30498535;CHL
23;Alex Sensation ;Que Va;29321078;CHL
24;Maluma ;Corazón;28703397;CHL
25;Ozuna ;Síguelo Bailando;28698715;CHL
1;Zion & Lennox ;Otra Vez;22328651;COL
2;Danny Ocean ;Me Rehúso;21577593;COL
3;Ed Sheeran ;Shape of You;19515273;COL
4;Piso 21 ;Déjala Que Vuelva;16033830;COL
5;Manuel Turizo ;Una Lady Como Tú;15551533;COL
6;Luis Fonsi ;Despacito (Featuring Daddy Yankee);15035033;COL
7;Carlos Vives ;Robarte un Beso;14794119;COL
8;Drake ;One Dance;14318633;COL
9;Anuel Aa ;Sola (Remix);14151684;COL
10;Nicky Jam ;El Amante;13770694;COL
11;Chino & Nacho ;Andas En Mi Cabeza;13769693;COL
12;Wisin ;Escápate Conmigo;13288580;COL
13;Cali Y El Dandee ;Por Fin Te Encontré;13056516;COL
14;Carlos Vives ;La Bicicleta;12731338;COL
15;Xantos ;Bailame Despacio;12521233;COL
16;Chris Jeday ;Ahora Dice;12471641;COL
17;Manuel Medrano ;Bajo el agua;12421233;COL
18;Maluma ;Felices los 4;12242983;COL
19;DJ Snake ;Let Me Love You;12099943;COL
20;Ozuna ;Quiero Repetir;11651835;COL
21;J Balvin ;Safari;11651713;COL
22;Zion & Lennox ;La Player (Bandolera);11520708;COL
23;Don Omar ;Te Quiero Pa´Mi;11187672;COL
24;Valentino ;Besame;11144116;COL
25;Natti Natasha ;Criminal;11086398;COL
1;Ed Sheeran ;Shape of You;9460974;CRC
2;Danny Ocean ;Me Rehúso;9102724;CRC
3;Drake ;One Dance;7641411;CRC
4;Zion & Lennox ;Otra Vez;7478851;CRC
5;Luis Fonsi ;Despacito (Featuring Daddy Yankee);6961941;CRC
6;Ed Sheeran ;Thinking Out Loud;6494333;CRC
7;Wisin ;Escápate Conmigo;5851910;CRC
8;CNCO ;Reggaetón Lento (Bailemos);5653533;CRC
9;Chris Jeday ;Ahora Dice;5551960;CRC
10;Ozuna ;Se Preparó;5497390;CRC
11;The Chainsmokers ;Closer;5459989;CRC
12;Ozuna ;Quiero Repetir;5365000;CRC
13;Piso 21 ;Déjala Que Vuelva;5223309;CRC
14;Maluma ;Felices los 4;5143058;CRC
15;DJ Snake ;Let Me Love You;4980927;CRC
16;Major Lazer ;Lean On;4953205;CRC
17;Natti Natasha ;Criminal;4942289;CRC
18;Ed Sheeran ;Photograph;4907781;CRC
19;Charly Black ;Gyal You A Party Animal;4821340;CRC
20;Manuel Turizo ;Una Lady Como Tú;4797579;CRC
21;Mike Posner ;I Took A Pill In Ibiza -  Seeb Remix;4785459;CRC
22;Maluma ;Borro Cassette;4773012;CRC
23;J Balvin ;Mi Gente;4767127;CRC
24;Farruko ;Chillax;4741112;CRC
25;Ed Sheeran ;Perfect;4524519;CRC
1;Ed Sheeran ;Shape of You;349096;CYP
2;Post Malone ;rockstar;291151;CYP
3;Drake ;One Dance;244667;CYP
4;Camila Cabello ;Havana;241062;CYP
5;French Montana ;Unforgettable;224999;CYP
6;Dua Lipa ;New Rules;214155;CYP
7;Drake ;God's Plan;204648;CYP
8;Imagine Dragons ;Believer;186139;CYP
9;Imagine Dragons ;Thunder;174665;CYP
10;Axwell /\ Ingrosso ;More Than You Know;167191;CYP
11;Kendrick Lamar ;HUMBLE.;161891;CYP
12;Luis Fonsi ;Despacito ;161816;CYP
13;Marshmello ;Silence;161194;CYP
14;ZAYN ;Dusk Till Dawn;160682;CYP
15;The Chainsmokers ;Something Just Like This;159214;CYP
16;Charlie Puth ;Attention;158297;CYP
17;Lil Uzi Vert ;XO TOUR Llif3;156217;CYP
18;The Chainsmokers ;Closer;154006;CYP
19;The Weeknd ;Starboy;15045;CYP
20;Cardi B ;I Like It;148936;CYP
21;The Chainsmokers ;Don't Let Me Down;148132;CYP
22;Drake ;In My Feelings;147186;CYP
23;DJ Khaled ;Wild Thoughts;144402;CYP
24;Sia ;Cheap Thrills;141842;CYP
25;James Arthur ;Say You Won't Let Go;14155;CYP
1;Ed Sheeran ;Shape of You;6039542;CZE
2;Imagine Dragons ;Thunder;4195825;CZE
3;Imagine Dragons ;Believer;4044854;CZE
4;Axwell /\ Ingrosso ;More Than You Know;3677168;CZE
5;The Chainsmokers ;Something Just Like This;3538152;CZE
6;Camila Cabello ;Havana;3293549;CZE
7;Post Malone ;rockstar;3154714;CZE
8;The Chainsmokers ;Closer;3005513;CZE
9;Ed Sheeran ;Galway Girl;2599245;CZE
10;Kygo ;It Ain't Me;2581738;CZE
11;Sia ;Cheap Thrills;2576250;CZE
12;Dua Lipa ;New Rules;2558485;CZE
13;The Chainsmokers ;Don't Let Me Down;2556803;CZE
14;Clean Bandit ;Symphony;2502134;CZE
15;Alan Walker ;Faded;2438844;CZE
16;Twenty One Pilots ;Stressed Out;2428719;CZE
17;Imagine Dragons ;Whatever It Takes;2347548;CZE
18;Twenty One Pilots ;Heathens;2308183;CZE
19;Ed Sheeran ;Perfect;2289299;CZE
20;Portugal. The Man ;Feel It Still;2260430;CZE
21;Imagine Dragons ;Demons;2233975;CZE
22;Shawn Mendes ;There's Nothing Holdin' Me Back;2230737;CZE
23;Martin Jensen ;Solo Dance;2229532;CZE
24;Ed Sheeran ;Thinking Out Loud;2167053;CZE
25;Major Lazer ;Lean On;2145657;CZE
1;Ed Sheeran ;Shape of You;29085227;DNK
2;Justin Bieber ;Love Yourself;27277480;DNK
3;Lukas Graham ;7 Years;27061548;DNK
4;Blak ;Nede Mette;23911587;DNK
5;Luis Fonsi ;Despacito ;23815992;DNK
6;Ed Sheeran ;Thinking Out Loud;22974610;DNK
7;Justin Bieber ;Sorry;22929447;DNK
8;Ed Sheeran ;I See Fire;22149435;DNK
9;Drake ;One Dance;21627950;DNK
10;Mike Posner ;I Took A Pill In Ibiza -  Seeb Remix;19756214;DNK
11;Justin Bieber ;What Do You Mean?;19455562;DNK
12;Phlake ;Angel Zoo;19186802;DNK
13;Gulddreng ;Se Mig Nu;19059032;DNK
14;Post Malone ;rockstar;18861543;DNK
15;Gulddreng ;Model;18653945;DNK
16;Major Lazer ;Cold Water;18608406;DNK
17;Sam Smith ;Stay With Me;18099607;DNK
18;Ed Sheeran ;Photograph;18087737;DNK
19;Gilli ;C'est la vie;17657272;DNK
20;Gilli ;Rica;17622043;DNK
21;James Arthur ;Say You Won't Let Go;17330155;DNK
22;Gilli ;Habibi Aiwa;16887415;DNK
23;Major Lazer ;Lean On;16734651;DNK
24;Shawn Mendes ;Stitches;16441026;DNK
25;Passenger ;Let Her Go;16217576;DNK
1;Zion & Lennox ;Otra Vez;3390429;DOM
2;Danny Ocean ;Me Rehúso;3117320;DOM
3;Drake ;One Dance;3106582;DOM
4;Chris Jeday ;Ahora Dice;2983589;DOM
5;Wisin ;Escápate Conmigo;2781319;DOM
6;Farruko ;Diles;2743633;DOM
7;Ed Sheeran ;Shape of You;2559514;DOM
8;Anuel Aa ;Sola (Remix);2519198;DOM
9;Nio Garcia ;Te Boté ;2435065;DOM
10;Ozuna ;Dile Que Tu Me Quieres;2405049;DOM
11;Luis Fonsi ;Despacito (Featuring Daddy Yankee);2371189;DOM
12;Natti Natasha ;Criminal;2333788;DOM
13;Ozuna ;Se Preparó;2254648;DOM
14;Maluma ;Felices los 4;2224592;DOM
15;Bad Bunny ;Sensualidad;2158163;DOM
16;Ozuna ;Quiero Repetir;1983879;DOM
17;J Balvin ;Mi Gente;1982029;DOM
18;Chino & Nacho ;Andas En Mi Cabeza;1967581;DOM
19;Ozuna ;El Farsante;1949510;DOM
20;Bad Bunny ;Soy Peor;1933324;DOM
21;Ozuna ;Solita;1907732;DOM
22;Justin Bieber ;Sorry;1882250;DOM
23;Ozuna ;Síguelo Bailando;1879099;DOM
24;Zion & Lennox ;La Player (Bandolera);1842567;DOM
25;Daddy Yankee ;Vuelve;1821303;DOM
1;Danny Ocean ;Me Rehúso;8482704;ECU
2;Zion & Lennox ;Otra Vez;7067031;ECU
3;Ed Sheeran ;Shape of You;6767224;ECU
4;Luis Fonsi ;Despacito (Featuring Daddy Yankee);6382858;ECU
5;Piso 21 ;Déjala Que Vuelva;5845631;ECU
6;Maluma ;Felices los 4;5804923;ECU
7;Chino & Nacho ;Andas En Mi Cabeza;5745606;ECU
8;Carlos Vives ;Robarte un Beso;5589461;ECU
9;Manuel Turizo ;Una Lady Como Tú;5437849;ECU
10;Wisin ;Escápate Conmigo;5297452;ECU
11;CNCO ;Reggaetón Lento (Bailemos);5252304;ECU
12;Maluma ;Borro Cassette;4985330;ECU
13;Natti Natasha ;Criminal;4760968;ECU
14;Wolfine ;Bella;4706379;ECU
15;Drake ;One Dance;4696509;ECU
16;Nio Garcia ;Te Boté ;4489131;ECU
17;Carlos Vives ;La Bicicleta;4471802;ECU
18;Becky G ;Mayores;4409173;ECU
19;Sebastian Yatra ;Traicionera;4373509;ECU
20;Anuel Aa ;Sola (Remix);4340106;ECU
21;Maluma ;Corazón;4319982;ECU
22;J Balvin ;Mi Gente;4206052;ECU
23;Reik ;Me Niego;4127423;ECU
24;IAmChino ;Ay Mi Dios;4126042;ECU
25;Nicky Jam ;El Amante;4121958;ECU
1;Danny Ocean ;Me Rehúso;2802216;SLV
2;Zion & Lennox ;Otra Vez;2250300;SLV
3;Ed Sheeran ;Shape of You;2100894;SLV
4;Anuel Aa ;Sola (Remix);2099374;SLV
5;Wisin ;Escápate Conmigo;1843103;SLV
6;Luis Fonsi ;Despacito (Featuring Daddy Yankee);1828894;SLV
7;The Chainsmokers ;Closer;1816899;SLV
8;Piso 21 ;Déjala Que Vuelva;1779307;SLV
9;Drake ;One Dance;1754939;SLV
10;DJ Snake ;Let Me Love You;1661383;SLV
11;Chris Jeday ;Ahora Dice;1644657;SLV
12;Mike Posner ;I Took A Pill In Ibiza ;1605705;SLV
13;DJ Snake ;Middle;1580620;SLV
14;Maluma ;Felices los 4;1568463;SLV
15;Natti Natasha ;Criminal;1536052;SLV
16;CNCO ;Reggaetón Lento (Bailemos);1518189;SLV
17;Bad Bunny ;Sensualidad;1473975;SLV
18;Alan Walker ;Faded;1459328;SLV
19;Manuel Turizo ;Una Lady Como Tú;1455727;SLV
20;Farruko ;Diles;1427401;SLV
21;Ed Sheeran ;Thinking Out Loud;1415458;SLV
22;Nio Garcia ;Te Boté ;1341524;SLV
23;Carlos Vives ;Robarte un Beso;1338726;SLV
24;J Balvin ;Mi Gente;1328288;SLV
25;Ozuna ;Se Preparó;1299921;SLV
1;Ed Sheeran ;Shape of You;1251800;EST
2;Post Malone ;rockstar;1082543;EST
3;Drake ;One Dance;927771;EST
4;Major Lazer ;Lean On;900436;EST
5;Alan Walker ;Faded;825047;EST
6;Ed Sheeran ;Thinking Out Loud;808611;EST
7;The Chainsmokers ;Don't Let Me Down;805619;EST
8;The Chainsmokers ;Closer;792317;EST
9;Mike Posner ;I Took A Pill In Ibiza ;77581;EST
10;Imagine Dragons ;Thunder;749399;EST
11;Hozier ;Take Me To Church;74535;EST
12;Twenty One Pilots ;Stressed Out;736128;EST
13;Robin Schulz ;Sugar;711303;EST
14;Nublu ;Mina Ka;708456;EST
15;Axwell /\ Ingrosso ;More Than You Know;70795;EST
16;Imagine Dragons ;Believer;693249;EST
17;The Weeknd ;Starboy;692481;EST
18;Kendrick Lamar ;HUMBLE.;690246;EST
19;Ed Sheeran ;Photograph;688491;EST
20;Jonas Blue ;Fast Car;661919;EST
21;French Montana ;Unforgettable;660118;EST
22;Dua Lipa ;New Rules;64602;EST
23;Lil Uzi Vert ;XO TOUR Llif3;643866;EST
24;Post Malone ;Congratulations;609508;EST
25;Imagine Dragons ;Radioactive;607638;EST
1;Ed Sheeran ;Shape of You;18649163;FIN
2;Alan Walker ;Faded;17476135;FIN
3;Post Malone ;rockstar;16068417;FIN
4;JVG ;Hehkuu;14474336;FIN
5;Reino Nordin ;Antaudun;14065457;FIN
6;JVG ;Tarkenee;14030675;FIN
7;Evelina ;Honey;14020800;FIN
8;Luis Fonsi ;Despacito ;13462650;FIN
9;Clean Bandit ;Rockabye;12043076;FIN
10;Antti Tuisku ;Keinutaan;11291160;FIN
11;Petri Nygård ;Pannaan Suomi Kuntoon;11120162;FIN
12;Avicii ;Wake Me Up;10975676;FIN
13;The Chainsmokers ;Don't Let Me Down;10883028;FIN
14;Antti Tuisku ;Rahan takii;10829421;FIN
15;Sia ;Cheap Thrills;10711934;FIN
16;Teflon Brothers ;Hubba Bubba;10609908;FIN
17;Pikku G ;Solmussa;10253024;FIN
18;SANNI ;Että mitähän vittua;10052212;FIN
19;Evelina ;Kylmii Väreitä;10046976;FIN
20;Mike Posner ;I Took A Pill In Ibiza - Seeb Remix;10031092;FIN
21;Robin ;Hula Hula;10014198;FIN
22;Mike Perry ;The Ocean;9986753;FIN
23;Major Lazer ;Lean On;9864053;FIN
24;Axwell /\ Ingrosso ;More Than You Know;9800155;FIN
25;Portion Boys ;Karjala Takas;9457634;FIN
1;Ed Sheeran ;Shape of You;60519140;fra
2;Niska ;Réseaux;43485870;fra
3;Damso ;Θ. Macarena;41011686;fra
4;Kalash ;Mwaka Moon;40604738;fra
5;Drake ;One Dance;38871307;fra
6;Vald ;Désaccordé;33599744;fra
7;Niska ;Salé;31886550;fra
8;Lartiste ;Mafiosa;31329839;fra
9;Camila Cabello ;Havana;29876962;fra
10;Post Malone ;rockstar;28945437;fra
11;Petit Biscuit ;Sunset Lover;28816851;fra
12;PNL ;Jusqu'au dernier gramme;28783845;fra
13;Damso ;Ε. Signaler;28619677;fra
14;PNL ;Onizuka;27956616;fra
15;Drake ;God's Plan;27342910;fra
16;Siboy ;Mobali;27305916;fra
17;Major Lazer ;Lean On;27093627;fra
18;Ninho ;De l'autre côté;26887946;fra
19;PNL ;Bené;26416882;fra
20;Niska ;Tuba Life;26107057;fra
21;Dadju ;Reine;25918887;fra
22;Ninho ;Mamacita;25677285;fra
23;Aya Nakamura ;Djadja;25660078;fra
24;Sia ;Cheap Thrills;25641443;fra
25;Damso ;Γ. Mosaïque solitaire;25174375;fra
1;Ed Sheeran ;Shape of You;120803974;DEU
2;Bausa ;Was Du Liebe nennst;98015116;DEU
3;Bonez MC ;Ohne mein Team;89532944;DEU
4;Drake ;One Dance;80601053;DEU
5;Post Malone ;rockstar;79558620;DEU
6;Axwell /\ Ingrosso ;More Than You Know;75471127;DEU
7;French Montana ;Unforgettable;68280658;DEU
8;Camila Cabello ;Havana;68271967;DEU
9;Bonez MC ;Palmen aus Plastik;65155292;DEU
10;The Chainsmokers ;Don't Let Me Down;63580831;DEU
11;Imagine Dragons ;Thunder;63061631;DEU
12;Alan Walker ;Faded;62141220;DEU
13;Major Lazer ;Lean On;59334162;DEU
14;The Chainsmokers ;Closer;56246708;DEU
15;Luis Fonsi ;Despacito ;55090594;DEU
16;Major Lazer ;Light It Up;55025986;DEU
17;Nimo ;Heute mit mir;53408647;DEU
18;Dennis Lloyd ;Nevermind;53354238;DEU
19;Jason Derulo ;Swalla;53242994;DEU
20;RAF Camora ;Primo;52749913;DEU
21;Robin Schulz ;Sugar;51800953;DEU
22;Martin Jensen ;Solo Dance;51724510;DEU
23;Dynoro ;In My Mind;51096989;DEU
24;Capital Bra ;Neymar;50472481;DEU
25;Mike Posner ;I Took A Pill In Ibiza ;50414575;DEU
1;Ed Sheeran ;Shape of You;2229056;GRC
2;Post Malone ;rockstar;1909516;GRC
3;Drake ;One Dance;1649829;GRC
4;Camila Cabello ;Havana;1546637;GRC
5;The Weeknd ;Starboy;1468148;GRC
6;Dua Lipa ;New Rules;1399188;GRC
7;French Montana ;Unforgettable;1336243;GRC
8;Drake ;God's Plan;1312409;GRC
9;Imagine Dragons ;Believer;1259666;GRC
10;Kendrick Lamar ;HUMBLE.;1224603;GRC
11;Major Lazer ;Lean On;1191792;GRC
12;Sia ;Cheap Thrills;1183351;GRC
13;Arctic Monkeys ;Do I Wanna Know?;1176893;GRC
14;Lil Uzi Vert ;XO TOUR Llif3;1133698;GRC
15;The Chainsmokers ;Don't Let Me Down;1129324;GRC
16;Ed Sheeran ;Thinking Out Loud;1126079;GRC
17;The Chainsmokers ;Closer;1105571;GRC
18;ZAYN ;Dusk Till Dawn;1045905;GRC
19;Imagine Dragons ;Thunder;1044830;GRC
20;Luis Fonsi ;Despacito ;1034222;GRC
21;Hozier ;Take Me To Church;1029911;GRC
22;Desiigner ;Panda;987533;GRC
23;Axwell /\ Ingrosso ;More Than You Know;981331;GRC
24;Charlie Puth ;Attention;96464;GRC
25;Shawn Mendes ;Treat You Better;950807;GRC
1;Danny Ocean ;Me Rehúso;5022565;GTM
2;Zion & Lennox ;Otra Vez;4316135;GTM
3;Piso 21 ;Déjala Que Vuelva;3527753;GTM
4;Wisin ;Escápate Conmigo;3498435;GTM
5;Ed Sheeran ;Shape of You;3084561;GTM
6;Luis Fonsi ;Despacito (Featuring Daddy Yankee);3061759;GTM
7;Anuel Aa ;Sola (Remix);3060794;GTM
8;Maluma ;Felices los 4;2967385;GTM
9;Chris Jeday ;Ahora Dice;2958915;GTM
10;Manuel Turizo ;Una Lady Como Tú;2907582;GTM
11;Natti Natasha ;Criminal;2872323;GTM
12;Drake ;One Dance;2683439;GTM
13;Wolfine ;Bella;2617238;GTM
14;CNCO ;Reggaetón Lento (Bailemos);2615907;GTM
15;Ozuna ;Se Preparó;2566299;GTM
16;Bad Bunny ;Sensualidad;2541793;GTM
17;Nio Garcia ;Te Boté ;2484701;GTM
18;The Chainsmokers ;Closer;2448781;GTM
19;Alex Sensation ;Que Va;2425820;GTM
20;Carlos Vives ;Robarte un Beso;2423685;GTM
21;DJ Snake ;Let Me Love You;2423596;GTM
22;Zion & Lennox ;La Player (Bandolera);2397361;GTM
23;Nicky Jam ;X;2387716;GTM
24;Reik ;Me Niego;2383832;GTM
25;J Balvin ;Sigo Extrañándote;2320909;GTM
1;Danny Ocean ;Me Rehúso;2965823;HND
2;Zion & Lennox ;Otra Vez;2542152;HND
3;Drake ;One Dance;2367953;HND
4;Ed Sheeran ;Shape of You;2280981;HND
5;Anuel Aa ;Sola (Remix);2130310;HND
6;Luis Fonsi ;Despacito (Featuring Daddy Yankee);2005309;HND
7;Wisin ;Escápate Conmigo;1861161;HND
8;Mike Posner ;I Took A Pill In Ibiza -  Seeb Remix;1841072;HND
9;The Chainsmokers ;Closer;1774306;HND
10;Chris Jeday ;Ahora Dice;1739119;HND
11;DJ Snake ;Let Me Love You;1723384;HND
12;Maluma ;Felices los 4;1699735;HND
13;Farruko ;Diles;1592144;HND
14;Ed Sheeran ;Thinking Out Loud;1513563;HND
15;Nio Garcia ;Te Boté ;1498797;HND
16;CNCO ;Reggaetón Lento (Bailemos);1490334;HND
17;Piso 21 ;Déjala Que Vuelva;1422206;HND
18;Natti Natasha ;Criminal;1413445;HND
19;J Balvin ;Sigo Extrañándote;1368766;HND
20;DJ Snake ;Middle;1366471;HND
21;Bad Bunny ;Sensualidad;1354023;HND
22;Chino & Nacho ;Andas En Mi Cabeza;1351655;HND
23;J Balvin ;Mi Gente;1345221;HND
24;Nicky Jam ;El Amante;1338110;HND
25;Maluma ;Borro Cassette;1320029;HND
1;Ed Sheeran ;Shape of You;6902114;HKG
2;The Chainsmokers ;Closer;6428023;HKG
3;The Chainsmokers ;Something Just Like This;5567899;HKG
4;Charlie Puth ;We Don't Talk Anymore;5470166;HKG
5;Alan Walker ;Faded;5011621;HKG
6;Dear Jane ;哪裡只得我共你;4905477;HKG
7;Ed Sheeran ;Photograph;4785590;HKG
8;Charmaine Fong ;分手總約在雨天;4507594;HKG
9;Ed Sheeran ;Thinking Out Loud;4472034;HKG
10;Supper Moment ;風箏;4200221;HKG
11;Camila Cabello ;Havana;4089494;HKG
12;ToNick ;長相廝守;4083583;HKG
13;Luis Fonsi ;Despacito ;3940545;HKG
14;Kwan Gor ;原來她不夠愛我;3817106;HKG
15;The Chainsmokers ;Don't Let Me Down;3767141;HKG
16;JW ;矛盾一生;3756441;HKG
17;Jason Chan ;你瞞我瞞;3646454;HKG
18;Dear Jane ;不許你注定一人;3640448;HKG
19;Supper Moment ;無盡;3625858;HKG
20;Charlie Puth ;Attention;3584784;HKG
21;Maroon 5 ;Sugar;3545649;HKG
22;Jay Chou ;告白氣球;3544708;HKG
23;Justin Bieber ;Love Yourself;3465265;HKG
24;Juno Mak ;耿耿於懷;3448200;HKG
25;Justin Lo ;命硬;3441356;HKG
1;Ed Sheeran ;Shape of You;4634746;HUN
2;Imagine Dragons ;Believer;3083397;HUN
3;Axwell /\ Ingrosso ;More Than You Know;2753343;HUN
4;Camila Cabello ;Havana;2732903;HUN
5;Imagine Dragons ;Thunder;2714205;HUN
6;Major Lazer ;Lean On;2514972;HUN
7;Dua Lipa ;New Rules;2477613;HUN
8;Kygo ;It Ain't Me;2414819;HUN
9;Post Malone ;rockstar;2384658;HUN
10;Sia ;Cheap Thrills;2367033;HUN
11;The Chainsmokers ;Don't Let Me Down;2284036;HUN
12;Twenty One Pilots ;Stressed Out;2250365;HUN
13;Mike Posner ;I Took A Pill In Ibiza ;2237898;HUN
14;The Chainsmokers ;Closer;2212650;HUN
15;The Chainsmokers ;Something Just Like This;2178458;HUN
16;Robin Schulz ;Sugar;2165469;HUN
17;Clean Bandit ;Rockabye;2162685;HUN
18;Alan Walker ;Faded;2149651;HUN
19;Major Lazer ;Light It Up;2017935;HUN
20;Luis Fonsi ;Despacito (Featuring Daddy Yankee);1961206;HUN
21;Clean Bandit ;Symphony;1912854;HUN
22;Marshmello ;FRIENDS;1889579;HUN
23;Luis Fonsi ;Despacito ;1852426;HUN
24;Robin Schulz ;OK;1825829;HUN
25;Shawn Mendes ;There's Nothing Holdin' Me Back;1800403;HUN
1;Luis Fonsi ;Despacito ;1997846;ISL
2;Ed Sheeran ;Shape of You;1936967;ISL
3;JóiPé ;B.O.B.A.;1791792;ISL
4;Aron Can ;Fullir Vasar;1712793;ISL
5;Post Malone ;rockstar;1590618;ISL
6;Chase ;Ég Vil Það;1557643;ISL
7;Kaleo ;Vor í Vaglaskógi;1475169;ISL
8;Birnir ;Já ég veit;1459628;ISL
9;JóiPé ;O Shit;1444151;ISL
10;Drake ;One Dance;1407139;ISL
11;Joey Christ ;Joey Cypher;1343337;ISL
12;Justin Bieber ;Love Yourself;1303623;ISL
13;JóiPé ;Í Átt Að Tunglinu;1227154;ISL
14;Justin Bieber ;Sorry;1187581;ISL
15;Floni ;Ungir Strákar ;1184696;ISL
16;Kendrick Lamar ;HUMBLE.;1177082;ISL
17;Emmsjé Gauti ;Þetta má;1152548;ISL
18;Emmsjé Gauti ;Silfurskotta;1140387;ISL
19;Ed Sheeran ;Perfect;1137928;ISL
20;Drake ;God's Plan;1115232;ISL
21;Birnir ;Út í geim;1085377;ISL
22;Floni ;Leika;1079759;ISL
23;James Arthur ;Say You Won't Let Go;1079715;ISL
24;French Montana ;Unforgettable;1045917;ISL
25;Lil Uzi Vert ;XO TOUR Llif3;1036019;ISL
1;Ed Sheeran ;Shape of You;27245352;IDN
2;Ed Sheeran ;Perfect;25425685;IDN
3;The Chainsmokers ;Closer;23296464;IDN
4;The Chainsmokers ;Something Just Like This;22558264;IDN
5;Camila Cabello ;Havana;22520185;IDN
6;Dua Lipa ;New Rules;21223942;IDN
7;James Arthur ;Say You Won't Let Go;21142465;IDN
8;Charlie Puth ;Attention;20631655;IDN
9;Payung Teduh ;Akad;20278276;IDN
10;Imagine Dragons ;Thunder;18967663;IDN
11;Bruno Mars ;That's What I Like;18704759;IDN
12;Jonas Blue ;Mama;17893057;IDN
13;Clean Bandit ;Symphony;17784695;IDN
14;Selena Gomez ;Wolves;17015143;IDN
15;Bruno Mars ;Versace On The Floor;16664798;IDN
16;Louis Tomlinson ;Back to You;16656700;IDN
17;ZAYN ;Dusk Till Dawn;16320151;IDN
18;Payung Teduh ;Untuk Perempuan Yang Sedang Di Pelukan;16084639;IDN
19;Rizky Febian ;Cukup Tau;15645626;IDN
20;Sam Smith ;Too Good At Goodbyes;15604471;IDN
21;DJ Khaled ;I'm the One;15565821;IDN
22;Maroon 5 ;What Lovers Do;15472182;IDN
23;Lauv ;I Like Me Better;15377791;IDN
24;Hailee Steinfeld ;Let Me Go;15256184;IDN
25;Luis Fonsi ;Despacito ;15245389;IDN
1;Ed Sheeran ;Shape of You;14574594;IRL
2;Drake ;One Dance;11296551;IRL
3;Luis Fonsi ;Despacito ;10262097;IRL
4;Dua Lipa ;New Rules;10257159;IRL
5;Ed Sheeran ;Castle on the Hill;8978430;IRL
6;Post Malone ;rockstar;8971857;IRL
7;French Montana ;Unforgettable;8873973;IRL
8;Camila Cabello ;Havana;8855606;IRL
9;James Arthur ;Say You Won't Let Go;8437683;IRL
10;Mike Posner ;I Took A Pill In Ibiza ;8216800;IRL
11;The Chainsmokers ;Closer;8125164;IRL
12;Drake ;God's Plan;8038465;IRL
13;Ed Sheeran ;Thinking Out Loud;7738769;IRL
14;Ed Sheeran ;Galway Girl;7649291;IRL
15;Clean Bandit ;Symphony;7508877;IRL
16;Calvin Harris ;One Kiss;7303841;IRL
17;Justin Bieber ;Sorry;7280262;IRL
18;Ed Sheeran ;Perfect;7231253;IRL
19;George Ezra ;Shotgun;6945962;IRL
20;Justin Bieber ;Love Yourself;6710261;IRL
21;Rudimental ;These Days;6663333;IRL
22;Jax Jones ;You Don't Know Me;6618465;IRL
23;Ed Sheeran ;Photograph;6517851;IRL
24;Kendrick Lamar ;HUMBLE.;6475916;IRL
25;The Chainsmokers ;Something Just Like This;6446691;IRL
1;Marshmello ;FRIENDS;876582;ISR
2;Omer Adam ;שני משוגעים;846023;ISR
3;Cardi B ;I Like It;84447;ISR
4;Omer Adam ;חברות שלך;837199;ISR
5;Drake ;God's Plan;830732;ISR
6;Maroon 5 ;Girls Like You;827065;ISR
7;Calvin Harris ;One Kiss;825304;ISR
8;Dua Lipa ;IDGAF;804767;ISR
9;Drake ;In My Feelings;748627;ISR
10;Drake ;Nice For What;687682;ISR
11;Juice WRLD ;Lucid Dreams;684331;ISR
12;Clean Bandit ;Solo;667066;ISR
13;Omer Adam ;אוהבת אותי אמיתי;659757;ISR
14;Netta ;Toy;619433;ISR
15;Khalid ;Love Lies;60756;ISR
16;Ariana Grande ;no tears left to cry;596298;ISR
17;Post Malone ;rockstar;586748;ISR
18;XXXTENTACION ;SAD!;578198;ISR
19;Post Malone ;Better Now;570952;ISR
20;Camila Cabello ;Havana;550436;ISR
21;BlocBoy JB ;Look Alive;550414;ISR
22;5 Seconds of Summer ;Youngblood;548139;ISR
23;Dua Lipa ;New Rules;523225;ISR
24;Post Malone ;Psycho;520825;ISR
25;Zedd ;The Middle;520243;ISR
1;Ed Sheeran ;Shape of You;50419008;ITA
2;Sfera Ebbasta ;Cupido;50225602;ITA
3;Capo Plaza ;Tesla;50217053;ITA
4;Coez ;La musica non c'è;49864214;ITA
5;Sfera Ebbasta ;Rockstar;40440340;ITA
6;Sfera Ebbasta ;Sciroppo;39675550;ITA
7;Gemitaiz ;Davide;39141981;ITA
8;Irama ;Nera;37959085;ITA
9;J-AX;Italiana;37497843;ITA
10;Sfera Ebbasta ;Tran Tran;37154271;ITA
11;Vegas Jones ;Malibu;37131231;ITA
12;Takagi & Ketra ;Amore e Capoeira;36813213;ITA
13;Charlie Charles ;Peace & Love;35657048;ITA
14;Ghali ;Cara Italia;34017107;ITA
15;J-AX;Senza Pagare VS T-Pain;32352977;ITA
16;Jake La Furia ;El Party;32108151;ITA
17;Sfera Ebbasta ;Ricchi x Sempre;31791892;ITA
18;Nicky Jam ;X;31755639;ITA
19;Luis Fonsi ;Despacito (Featuring Daddy Yankee);31719083;ITA
20;The Chainsmokers ;Something Just Like This;30539713;ITA
21;Shade ;Irraggiungibile;29683009;ITA
22;Rudimental ;These Days;28842049;ITA
23;Danny Ocean ;Me Rehúso;28803153;ITA
24;Ghali ;Habibi;28744719;ITA
25;Sfera Ebbasta ;Serpenti A Sonagli;28420942;ITA
1;Ed Sheeran ;Shape of You;9135277;JPN
2;DAOKO×米津玄師 ;打上花火;8722683;JPN
3;Shota Shimizu ;My Boo;6283033;JPN
4;ONE OK ROCK ;Wherever you are;6219305;JPN
5;AAA ;恋音と雨空;5813637;JPN
6;Superfly ;愛をこめて花束を;5738650;JPN
7;[Alexandros] ;ワタリドリ;5349379;JPN
8;Zedd ;Stay;5182842;JPN
9;Camila Cabello ;Havana;5158031;JPN
10;MONGOL800 ;小さな恋のうた;5096162;JPN
11;SEKAI NO OWARI ;RAIN;4993449;JPN
12;Selena Gomez ;Wolves;4771282;JPN
13;ONE OK ROCK ;Change;4719195;JPN
14;Dua Lipa ;New Rules;4702593;JPN
15;TWICE ;TT ;4682926;JPN
16;AAA ;さよならの前に;4634098;JPN
17;GReeeeN ;愛唄;4611829;JPN
18;The Chainsmokers ;Closer;4536760;JPN
19;GReeeeN ;キセキ;4299980;JPN
20;Shota Shimizu ;Kimiga Suki;4270709;JPN
21;Maroon 5 ;What Lovers Do;4070589;JPN
22;Zedd ;The Middle;3925712;JPN
23;Mrs. GREEN APPLE ;WanteD! WanteD!;3915356;JPN
24;Shota Shimizu ;Dream;3908503;JPN
25;ONE OK ROCK ;The Beginning;3886373;JPN
1;Post Malone ;rockstar;1261019;LVA
2;Ed Sheeran ;Shape of You;1195079;LVA
3;Major Lazer ;Lean On;947413;LVA
4;Kendrick Lamar ;HUMBLE.;921062;LVA
5;Imagine Dragons ;Thunder;892887;LVA
6;Drake ;One Dance;848831;LVA
7;Vance Joy ;Riptide;797879;LVA
8;Lil Uzi Vert ;XO TOUR Llif3;785635;LVA
9;Imagine Dragons ;Believer;774345;LVA
10;French Montana ;Unforgettable;748084;LVA
11;Post Malone ;Congratulations;726724;LVA
12;The Chainsmokers ;Don't Let Me Down;702872;LVA
13;Prāta Vētra ;Debesis iekrita tevī;692712;LVA
14;Camila Cabello ;Havana;686375;LVA
15;Twenty One Pilots ;Stressed Out;680468;LVA
16;Robin Schulz ;Sugar;679959;LVA
17;Ed Sheeran ;Thinking Out Loud;676976;LVA
18;Ed Sheeran ;Photograph;673085;LVA
19;MiyaGi & Эндшпиль ;I Got Love;671472;LVA
20;Portugal. The Man ;Feel It Still;666253;LVA
21;Dua Lipa ;New Rules;664776;LVA
22;Axwell /\ Ingrosso ;More Than You Know;663746;LVA
23;The Chainsmokers ;Closer;663014;LVA
24;The Chainsmokers ;Something Just Like This;657231;LVA
25;Hozier ;Take Me To Church;654856;LVA
1;Ed Sheeran ;Shape of You;1229721;LTU
2;Drake ;One Dance;994773;LTU
3;Post Malone ;rockstar;965194;LTU
4;Major Lazer ;Lean On;847439;LTU
5;Mike Posner ;I Took A Pill In Ibiza ;784738;LTU
6;Imagine Dragons ;Thunder;774016;LTU
7;Robin Schulz ;Sugar;758469;LTU
8;Hozier ;Take Me To Church;727524;LTU
9;Camila Cabello ;Havana;72225;LTU
10;Dua Lipa ;New Rules;71868;LTU
11;Imagine Dragons ;Believer;705856;LTU
12;The Weeknd ;Starboy;688247;LTU
13;The Chainsmokers ;Don't Let Me Down;687497;LTU
14;Jonas Blue ;Fast Car;671999;LTU
15;Kendrick Lamar ;HUMBLE.;669871;LTU
16;Portugal. The Man ;Feel It Still;661889;LTU
17;Sia ;Cheap Thrills;658625;LTU
18;The Chainsmokers ;Closer;640131;LTU
19;Twenty One Pilots ;Stressed Out;638917;LTU
20;Alan Walker ;Faded;632146;LTU
21;Axwell /\ Ingrosso ;More Than You Know;629696;LTU
22;French Montana ;Unforgettable;625492;LTU
23;Calvin Harris ;One Kiss;621126;LTU
24;Ed Sheeran ;Thinking Out Loud;60909;LTU
25;Zara Larsson ;Lush Life;603573;LTU
1;Ed Sheeran ;Shape of You;903264;LUX
2;Post Malone ;rockstar;636327;LUX
3;Drake ;One Dance;547628;LUX
4;French Montana ;Unforgettable;528819;LUX
5;Camila Cabello ;Havana;480054;LUX
6;Luis Fonsi ;Despacito (Featuring Daddy Yankee);471772;LUX
7;Drake ;God's Plan;452061;LUX
8;The Chainsmokers ;Something Just Like This;432003;LUX
9;Imagine Dragons ;Thunder;410979;LUX
10;Axwell /\ Ingrosso ;More Than You Know;40365;LUX
11;Dua Lipa ;New Rules;40111;LUX
12;Imagine Dragons ;Believer;385958;LUX
13;Luis Fonsi ;Despacito ;384975;LUX
14;The Chainsmokers ;Closer;375045;LUX
15;Future ;Mask Off;359739;LUX
16;Lil Uzi Vert ;XO TOUR Llif3;358998;LUX
17;Marshmello ;Silence;355199;LUX
18;J Balvin ;Mi Gente;352178;LUX
19;The Chainsmokers ;Don't Let Me Down;348961;LUX
20;Ed Sheeran ;Perfect;344402;LUX
21;James Arthur ;Say You Won't Let Go;343891;LUX
22;Kygo ;It Ain't Me;326647;LUX
23;Starley ;Call On Me ;322671;LUX
24;Sia ;Cheap Thrills;32212;LUX
25;DJ Snake ;Let Me Love You;321988;LUX
1;Ed Sheeran ;Shape of You;14660858;MYS
2;The Chainsmokers ;Closer;13376143;MYS
3;James Arthur ;Say You Won't Let Go;12914054;MYS
4;Ed Sheeran ;Photograph;12215085;MYS
5;Ed Sheeran ;Perfect;11928290;MYS
6;Alan Walker ;Faded;11799267;MYS
7;The Chainsmokers ;Something Just Like This;10738864;MYS
8;Camila Cabello ;Havana;9838485;MYS
9;Luis Fonsi ;Despacito ;9578131;MYS
10;Justin Bieber ;Love Yourself;9491488;MYS
11;Charlie Puth ;We Don't Talk Anymore;9401879;MYS
12;Charlie Puth ;Attention;9226145;MYS
13;Dua Lipa ;New Rules;8608554;MYS
14;Ed Sheeran ;Thinking Out Loud;8314278;MYS
15;ZAYN ;Dusk Till Dawn;8178999;MYS
16;The Chainsmokers ;Don't Let Me Down;8097889;MYS
17;DJ Snake ;Let Me Love You;7636122;MYS
18;ZAYN ;I Don’t Wanna Live Forever (Fifty Shades Darker);7341189;MYS
19;Meghan Trainor ;Like I'm Gonna Lose You;7273099;MYS
20;Selena Gomez ;Wolves;7250624;MYS
21;Martin Garrix ;Scared to Be Lonely;6925284;MYS
22;Bruno Mars ;That's What I Like;6916078;MYS
23;Maroon 5 ;What Lovers Do;6900125;MYS
24;Lauv ;I Like Me Better;6890165;MYS
25;Clean Bandit ;Symphony;6524525;MYS
1;Ed Sheeran ;Shape of You;993818;MLT
2;Post Malone ;rockstar;663666;MLT
3;The Chainsmokers ;Something Just Like This;606774;MLT
4;Drake ;One Dance;596829;MLT
5;Camila Cabello ;Havana;577759;MLT
6;Luis Fonsi ;Despacito ;565334;MLT
7;The Chainsmokers ;Closer;557713;MLT
8;Dua Lipa ;New Rules;556686;MLT
9;The Weeknd ;Starboy;516326;MLT
10;Mike Posner ;I Took A Pill In Ibiza ;510779;MLT
11;French Montana ;Unforgettable;504736;MLT
12;The Chainsmokers ;Don't Let Me Down;484121;MLT
13;Imagine Dragons ;Thunder;477975;MLT
14;James Arthur ;Say You Won't Let Go;468145;MLT
15;Drake ;God's Plan;45426;MLT
16;Sia ;Cheap Thrills;446954;MLT
17;Imagine Dragons ;Believer;446627;MLT
18;Ed Sheeran ;Thinking Out Loud;44023;MLT
19;Kygo ;It Ain't Me;433113;MLT
20;Major Lazer ;Lean On;432409;MLT
21;Ed Sheeran ;Perfect;42803;MLT
22;DJ Snake ;Let Me Love You;423721;MLT
23;Clean Bandit ;Symphony;423252;MLT
24;Alan Walker ;Faded;404401;MLT
25;ZAYN ;I Don’t Wanna Live Forever (Fifty Shades Darker);403603;MLT
1;Danny Ocean ;Me Rehúso;176461573;MEX
2;Maluma ;Felices los 4;126210909;MEX
3;Zion & Lennox ;Otra Vez;122549858;MEX
4;Ed Sheeran ;Shape of You;116201164;MEX
5;Luis Fonsi ;Despacito (Featuring Daddy Yankee);110514760;MEX
6;Wisin ;Escápate Conmigo;107926811;MEX
7;Manuel Turizo ;Una Lady Como Tú;107003258;MEX
8;Piso 21 ;Déjala Que Vuelva;106145804;MEX
9;Maluma ;Borro Cassette;106109643;MEX
10;Wolfine ;Bella;97215484;MEX
11;Natti Natasha ;Criminal;96705506;MEX
12;J Balvin ;Bonita;92808135;MEX
13;CNCO ;Reggaetón Lento (Bailemos);89556668;MEX
14;Sebastian Yatra ;Traicionera;88142426;MEX
15;Chris Jeday ;Ahora Dice;85998200;MEX
16;Ricky Martin ;Vente Pa' Ca;85534998;MEX
17;J Balvin ;Mi Gente;84318809;MEX
18;Shakira ;Chantaje;83411572;MEX
19;Drake ;One Dance;82236287;MEX
20;Ozuna ;Se Preparó;78735344;MEX
21;Maluma ;Corazón;78435470;MEX
22;León Larregui ;Locos;78240343;MEX
23;Reik ;Me Niego;78110185;MEX
24;Nicky Jam ;X;77615286;MEX
25;Piso 21 ;Me Llamas;75944721;MEX
1;Ed Sheeran ;Shape of You;68544234;NLD
2;Drake ;One Dance;46515231;NLD
3;Lil' Kleine ;Krantenwijk;45842828;NLD
4;James Arthur ;Say You Won't Let Go;40906588;NLD
5;Dua Lipa ;New Rules;36046682;NLD
6;Camila Cabello ;Havana;35846002;NLD
7;Broederliefde ;Jungle;34919056;NLD
8;Justin Bieber ;Love Yourself;34674646;NLD
9;Ed Sheeran ;Thinking Out Loud;34576925;NLD
10;Post Malone ;rockstar;33953717;NLD
11;Lil' Kleine ;Loterij;32808023;NLD
12;Justin Bieber ;Sorry;32657721;NLD
13;Boef ;Habiba;32267292;NLD
14;Mike Posner ;I Took A Pill In Ibiza ;32249151;NLD
15;Calvin Harris ;One Kiss;31837353;NLD
16;Drake ;God's Plan;31826860;NLD
17;Ronnie Flex ;Blijf Bij Mij;31480494;NLD
18;Ronnie Flex ;Come Again;31277591;NLD
19;Lil' Kleine ;Alleen;31055504;NLD
20;Kygo ;It Ain't Me;30475957;NLD
21;Ed Sheeran ;Perfect;30344175;NLD
22;SFB ;Lovely Body;30086243;NLD
23;Josylvio ;Catch Up;30054464;NLD
24;French Montana ;Unforgettable;29863418;NLD
25;Sevn Alias ;Patsergedrag;29728497;NLD
1;Ed Sheeran ;Shape of You;17442454;NZL
2;The Chainsmokers ;Closer;13427523;NZL
3;Drake ;One Dance;13394330;NZL
4;Post Malone ;rockstar;12700691;NZL
5;Ed Sheeran ;Thinking Out Loud;12641167;NZL
6;Kendrick Lamar ;HUMBLE.;11267804;NZL
7;Justin Bieber ;Sorry;10985143;NZL
8;James Arthur ;Say You Won't Let Go;10963302;NZL
9;Post Malone ;I Fall Apart;10605635;NZL
10;Luis Fonsi ;Despacito ;10370924;NZL
11;Camila Cabello ;Havana;10354413;NZL
12;Justin Bieber ;Love Yourself;10300817;NZL
13;Dua Lipa ;New Rules;9646392;NZL
14;Imagine Dragons ;Thunder;9589527;NZL
15;Major Lazer ;Cold Water;9386999;NZL
16;Khalid ;Young Dumb & Broke;9357706;NZL
17;Ed Sheeran ;Castle on the Hill;9348761;NZL
18;Ed Sheeran ;Perfect;9308056;NZL
19;Flume ;Never Be Like You;9255999;NZL
20;Marshmello ;Silence;9181053;NZL
21;The Weeknd ;Starboy;9071952;NZL
22;Drake ;God's Plan;9021308;NZL
23;Major Lazer ;Lean On;8861516;NZL
24;Post Malone ;Congratulations;8665882;NZL
25;Justin Timberlake ;"CAN'T STOP THE FEELING! (Original Song from DreamWorks Animation's ""TROLLS"")";8602616;NZL
1;Danny Ocean ;Me Rehúso;1185577;NIC
2;Ed Sheeran ;Shape of You;1051323;NIC
3;Drake ;One Dance;945069;NIC
4;Zion & Lennox ;Otra Vez;929039;NIC
5;Luis Fonsi ;Despacito (Featuring Daddy Yankee);844218;NIC
6;DJ Snake ;Middle;842634;NIC
7;Mike Posner ;I Took A Pill In Ibiza ;828421;NIC
8;The Chainsmokers ;Closer;816034;NIC
9;DJ Snake ;Let Me Love You;782208;NIC
10;Anuel Aa ;Sola (Remix);700107;NIC
11;Ed Sheeran ;Thinking Out Loud;697616;NIC
12;Wisin ;Escápate Conmigo;687663;NIC
13;Chris Jeday ;Ahora Dice;649985;NIC
14;Carlos Vives ;La Bicicleta;637866;NIC
15;Maluma ;Felices los 4;626944;NIC
16;J Balvin ;Mi Gente;611046;NIC
17;Chino & Nacho ;Andas En Mi Cabeza;610159;NIC
18;CNCO ;Reggaetón Lento (Bailemos);591457;NIC
19;Justin Bieber ;Sorry;589756;NIC
20;Carlos Vives ;Robarte un Beso;584459;NIC
21;Bad Bunny ;Sensualidad;58052;NIC
22;Ed Sheeran ;Photograph;577204;NIC
23;Piso 21 ;Déjala Que Vuelva;577116;NIC
24;Major Lazer ;Lean On;571108;NIC
25;The Chainsmokers ;Don't Let Me Down;562896;NIC
1;Alan Walker ;Faded;43517308;NOR
2;Luis Fonsi ;Despacito ;37014186;NOR
3;Ed Sheeran ;Shape of You;36864264;NOR
4;Avicii ;Wake Me Up;31402474;NOR
5;Freddy Kalas ;Jovial;29314482;NOR
6;Kygo ;It Ain't Me;27339600;NOR
7;Post Malone ;rockstar;26666473;NOR
8;Passenger ;Let Her Go;26457082;NOR
9;Ed Sheeran ;I See Fire;25192563;NOR
10;Hkeem ;Fy Faen;24667729;NOR
11;Adele ;Hello;24360646;NOR
12;Mike Posner ;I Took A Pill In Ibiza ;23738142;NOR
13;Kygo ;Firestone;23487133;NOR
14;Ed Sheeran ;Thinking Out Loud;23051142;NOR
15;Hozier ;Take Me To Church;22273118;NOR
16;Sia ;Cheap Thrills;22189069;NOR
17;Kygo ;Stole the Show;21981039;NOR
18;ItaloBrothers ;Summer Air;21972084;NOR
19;Alan Walker ;Sing Me to Sleep;21956671;NOR
20;Drake ;One Dance;21778262;NOR
21;Justin Bieber ;Sorry;21649356;NOR
22;The Chainsmokers ;Don't Let Me Down;21173449;NOR
23;Mike Perry ;The Ocean;20696041;NOR
24;Sam Smith ;Stay With Me;20230723;NOR
25;Freddy Kalas ;Pinne for Landet;20054414;NOR
1;Danny Ocean ;Me Rehúso;3036546;PAN
2;Zion & Lennox ;Otra Vez;3008940;PAN
3;Ed Sheeran ;Shape of You;2683872;PAN
4;Luis Fonsi ;Despacito (Featuring Daddy Yankee);2497894;PAN
5;Anuel Aa ;Sola (Remix);2483093;PAN
6;Wisin ;Escápate Conmigo;2459278;PAN
7;Drake ;One Dance;2322269;PAN
8;Chris Jeday ;Ahora Dice;2271407;PAN
9;Natti Natasha ;Criminal;2129535;PAN
10;Nio Garcia ;Te Boté ;2077483;PAN
11;Piso 21 ;Déjala Que Vuelva;2027128;PAN
12;Ozuna ;Se Preparó;1985735;PAN
13;Chino & Nacho ;Andas En Mi Cabeza;1966792;PAN
14;Maluma ;Felices los 4;1962247;PAN
15;Carlos Vives ;Robarte un Beso;1943921;PAN
16;CNCO ;Reggaetón Lento (Bailemos);1942764;PAN
17;Bad Bunny ;Sensualidad;1882106;PAN
18;J Balvin ;Mi Gente;1874975;PAN
19;Nicky Jam ;El Amante;1861004;PAN
20;Ozuna ;Síguelo Bailando;1836815;PAN
21;Joey Montana ;Suena El Dembow;1836317;PAN
22;Ozuna ;Quiero Repetir;1717661;PAN
23;DJ Snake ;Let Me Love You;1709712;PAN
24;Nicky Jam ;X;1679547;PAN
25;Reik ;Me Niego;1674590;PAN
1;Danny Ocean ;Me Rehúso;4831126;PRY
2;Anuel Aa ;Sola (Remix);4310955;PRY
3;Piso 21 ;Déjala Que Vuelva;3976544;PRY
4;Zion & Lennox ;Otra Vez;3844364;PRY
5;Wisin ;Escápate Conmigo;3437861;PRY
6;Bad Bunny ;Sensualidad;3210353;PRY
7;Natti Natasha ;Criminal;3120569;PRY
8;Nio Garcia ;Te Boté ;3072697;PRY
9;Ed Sheeran ;Shape of You;3005836;PRY
10;Chris Jeday ;Ahora Dice;2856967;PRY
11;Ozuna ;Se Preparó;2693666;PRY
12;Luis Fonsi ;Despacito (Featuring Daddy Yankee);2693437;PRY
13;Maluma ;Felices los 4;2684515;PRY
14;Manuel Turizo ;Una Lady Como Tú;2683502;PRY
15;Zion & Lennox ;La Player (Bandolera);2656304;PRY
16;Ozuna ;Quiero Repetir;2591723;PRY
17;Wolfine ;Bella;2551907;PRY
18;Paulo Londra ;Nena Maldicion;2534097;PRY
19;Piso 21 ;Te Amo;2464166;PRY
20;Danny Ocean ;Dembow;2450879;PRY
21;Lenny Tavárez ;Toda ;2445569;PRY
22;Reik ;Me Niego;2421451;PRY
23;CNCO ;Reggaetón Lento (Bailemos);2320690;PRY
24;Alex Sensation ;Que Va;2299511;PRY
25;Don Omar ;Te Quiero Pa´Mi;2292805;PRY
1;Danny Ocean ;Me Rehúso;29483759;PER
2;Maluma ;Felices los 4;21672263;PER
3;Zion & Lennox ;Otra Vez;21052797;PER
4;Ed Sheeran ;Shape of You;20955934;PER
5;Luis Fonsi ;Despacito (Featuring Daddy Yankee);20774884;PER
6;Piso 21 ;Déjala Que Vuelva;20711817;PER
7;Wisin ;Escápate Conmigo;20193238;PER
8;Natti Natasha ;Criminal;18417522;PER
9;Carlos Vives ;Robarte un Beso;17315020;PER
10;Maluma ;Corazón;17004845;PER
11;Anuel Aa ;Sola (Remix);16909939;PER
12;CNCO ;Reggaetón Lento (Bailemos);16799100;PER
13;Chino & Nacho ;Andas En Mi Cabeza;16580614;PER
14;Manuel Turizo ;Una Lady Como Tú;16446034;PER
15;Nacho ;Báilame ;16165247;PER
16;Chris Jeday ;Ahora Dice;15803431;PER
17;Becky G ;Mayores;15749750;PER
18;Reik ;Me Niego;15416881;PER
19;Nicky Jam ;El Amante;15409081;PER
20;Nio Garcia ;Te Boté ;15253516;PER
21;Luis Fonsi ;Échame La Culpa;15067574;PER
22;Bad Bunny ;Sensualidad;15038282;PER
23;Piso 21 ;Me Llamas;14443503;PER
24;Nicky Jam ;X;14142539;PER
25;Joey Montana ;Suena El Dembow;13820119;PER
1;James Arthur ;Say You Won't Let Go;84315515;PHL
2;The Chainsmokers ;Closer;83248257;PHL
3;Up Dharma Down ;Tadhana;69745026;PHL
4;Ed Sheeran ;Shape of You;68895061;PHL
5;Bruno Mars ;Versace On The Floor;61146366;PHL
6;Ed Sheeran ;Photograph;61083809;PHL
7;Ed Sheeran ;Perfect;57597867;PHL
8;Hailee Steinfeld ;Starving;54259425;PHL
9;Bruno Mars ;That's What I Like;52630211;PHL
10;Moira Dela Torre ;Malaya (Camp Sawi Original Motion Picture Soundtrack);52117322;PHL
11;Silent Sanctuary ;Pasensya Ka Na;50100404;PHL
12;Camila Cabello ;Havana;45582906;PHL
13;Lauv ;I Like Me Better;44973864;PHL
14;LANY ;Super Far;44967417;PHL
15;Justin Bieber ;Love Yourself;44695587;PHL
16;Andy Grammer ;Fresh Eyes;44073883;PHL
17;The Chainsmokers ;Something Just Like This;44060292;PHL
18;Jonas Blue ;Perfect Strangers;43870686;PHL
19;Sud ;Sila;42913915;PHL
20;The Chainsmokers ;Don't Let Me Down;41882872;PHL
21;Khalid ;Young Dumb & Broke;41844081;PHL
22;DJ Snake ;Middle;41599435;PHL
23;The Chainsmokers ;Roses;41567215;PHL
24;Troye Sivan ;YOUTH;41280370;PHL
25;Charlie Puth ;We Don't Talk Anymore;41243851;PHL
1;Ed Sheeran ;Shape of You;23361693;POL
2;TACONAFIDE ;Tamagotchi;14958340;POL
3;Imagine Dragons ;Believer;13451184;POL
4;Major Lazer ;Lean On;12965061;POL
5;Axwell /\ Ingrosso ;More Than You Know;12711916;POL
6;Imagine Dragons ;Thunder;11487197;POL
7;Post Malone ;rockstar;11203008;POL
8;Camila Cabello ;Havana;11046497;POL
9;Portugal. The Man ;Feel It Still;10579904;POL
10;Imagine Dragons ;Radioactive;10401014;POL
11;Dua Lipa ;New Rules;10038818;POL
12;Robin Schulz ;Sugar;9793109;POL
13;Quebonafide ;Half Dead;9386338;POL
14;Vance Joy ;Riptide;9282300;POL
15;The Chainsmokers ;Closer;9216419;POL
16;Arctic Monkeys ;Do I Wanna Know?;9197745;POL
17;The Chainsmokers ;Something Just Like This;9105127;POL
18;Twenty One Pilots ;Stressed Out;9079959;POL
19;Major Lazer ;Light It Up;9079664;POL
20;DJ Snake ;Let Me Love You;8936966;POL
21;Shawn Mendes ;Treat You Better;8891555;POL
22;Macklemore & Ryan Lewis ;Can't Hold Us;8844733;POL
23;Sia ;Cheap Thrills;8686718;POL
24;Clean Bandit ;Symphony;8372685;POL
25;Ed Sheeran ;Perfect;8328956;POL
1;Ed Sheeran ;Shape of You;10556533;PRT
2;Drake ;One Dance;7571133;PRT
3;Luis Fonsi ;Despacito (Featuring Daddy Yankee);7158350;PRT
4;Post Malone ;rockstar;7078925;PRT
5;French Montana ;Unforgettable;6187592;PRT
6;The Weeknd ;Starboy;6185631;PRT
7;Arctic Monkeys ;Do I Wanna Know?;5780406;PRT
8;Dua Lipa ;New Rules;5421920;PRT
9;Camila Cabello ;Havana;5291628;PRT
10;Kendrick Lamar ;HUMBLE.;5236358;PRT
11;Justin Bieber ;Sorry;5226770;PRT
12;Lil Uzi Vert ;XO TOUR Llif3;5090527;PRT
13;James Arthur ;Say You Won't Let Go;5081895;PRT
14;Drake ;God's Plan;5070610;PRT
15;The Chainsmokers ;Closer;4978283;PRT
16;Ed Sheeran ;Thinking Out Loud;4959756;PRT
17;DJ Snake ;Let Me Love You;4864178;PRT
18;Imagine Dragons ;Believer;4804820;PRT
19;Major Lazer ;Cold Water;4754387;PRT
20;Major Lazer ;Lean On;4720455;PRT
21;Post Malone ;Congratulations;4698261;PRT
22;Ed Sheeran ;Photograph;4679903;PRT
23;Danny Ocean ;Me Rehúso;4674964;PRT
24;Mike Posner ;I Took A Pill In Ibiza ;4623404;PRT
25;The Chainsmokers ;Don't Let Me Down;4601755;PRT
1;XXXTENTACION ;SAD!;776346;ROU
2;Drake ;God's Plan;62436;ROU
3;Post Malone ;rockstar;585461;ROU
4;XXXTENTACION ;Moonlight;560881;ROU
5;Post Malone ;Better Now;560608;ROU
6;Calvin Harris ;One Kiss;557537;ROU
7;Drake ;In My Feelings;533532;ROU
8;Dennis Lloyd ;Nevermind;528643;ROU
9;Cardi B ;I Like It;52439;ROU
10;Tyga ;Taste;522067;ROU
11;The Weeknd ;Call Out My Name;49995;ROU
12;Post Malone ;Psycho;498243;ROU
13;Marshmello ;FRIENDS;48369;ROU
14;BlocBoy JB ;Look Alive;45752;ROU
15;Khalid ;Love Lies;447667;ROU
16;Clean Bandit ;Solo;443124;ROU
17;5 Seconds of Summer ;Youngblood;410653;ROU
18;Juice WRLD ;Lucid Dreams;396304;ROU
19;Maroon 5 ;Girls Like You;392079;ROU
20;Ariana Grande ;no tears left to cry;383114;ROU
21;Zedd ;The Middle;357697;ROU
22;Tiësto ;Jackie Chan;354406;ROU
23;XXXTENTACION ;Jocelyn Flores;352371;ROU
24;Migos ;Walk It Talk It;351383;ROU
25;Dua Lipa ;IDGAF;350369;ROU
1;Ed Sheeran ;Shape of You;20011235;SGP
2;The Chainsmokers ;Closer;17346570;SGP
3;Ed Sheeran ;Photograph;15112582;SGP
4;James Arthur ;Say You Won't Let Go;14819828;SGP
5;The Chainsmokers ;Something Just Like This;14452409;SGP
6;Ed Sheeran ;Perfect;12873358;SGP
7;Alan Walker ;Faded;12752605;SGP
8;Charlie Puth ;We Don't Talk Anymore;12541814;SGP
9;Camila Cabello ;Havana;12082521;SGP
10;Ed Sheeran ;Thinking Out Loud;11588429;SGP
11;Justin Bieber ;Love Yourself;11290730;SGP
12;Luis Fonsi ;Despacito ;11232232;SGP
13;Charlie Puth ;Attention;10971253;SGP
14;The Chainsmokers ;Don't Let Me Down;10671602;SGP
15;Dua Lipa ;New Rules;10134581;SGP
16;Eric Chou ;你,好不好? ;10125767;SGP
17;Shawn Mendes ;Treat You Better;9783125;SGP
18;DJ Snake ;Let Me Love You;9676700;SGP
19;Bruno Mars ;That's What I Like;8953866;SGP
20;Major Lazer ;Cold Water;8847273;SGP
21;JJ Lin ;不為誰而作的歌;8795805;SGP
22;Jay Chou ;告白氣球;8587076;SGP
23;Selena Gomez ;Wolves;8413554;SGP
24;Clean Bandit ;Symphony;8391483;SGP
25;ZAYN ;I Don’t Wanna Live Forever (Fifty Shades Darker);8360812;SGP
1;Ed Sheeran ;Shape of You;1688577;SVK
2;Post Malone ;rockstar;1242722;SVK
3;Imagine Dragons ;Thunder;1193051;SVK
4;Imagine Dragons ;Believer;1115360;SVK
5;Axwell /\ Ingrosso ;More Than You Know;1098464;SVK
6;Camila Cabello ;Havana;1059952;SVK
7;The Chainsmokers ;Something Just Like This;1000445;SVK
8;Dua Lipa ;New Rules;904457;SVK
9;Kygo ;It Ain't Me;896772;SVK
10;The Chainsmokers ;Closer;815491;SVK
11;Major Lazer ;Lean On;754814;SVK
12;The Weeknd ;Starboy;736697;SVK
13;Dua Lipa ;IDGAF;731356;SVK
14;Ego ;V Meste Snov;729102;SVK
15;Lauv ;I Like Me Better;725413;SVK
16;Ed Sheeran ;Perfect;719112;SVK
17;Sia ;Cheap Thrills;717589;SVK
18;The Chainsmokers ;Don't Let Me Down;70376;SVK
19;Portugal. The Man ;Feel It Still;68226;SVK
20;Selena Gomez ;Wolves;679912;SVK
21;Marshmello ;FRIENDS;67502;SVK
22;Ego ;Vozíme;671386;SVK
23;Calvin Harris ;One Kiss;666615;SVK
24;Shawn Mendes ;There's Nothing Holdin' Me Back;664519;SVK
25;Clean Bandit ;Symphony;663806;SVK
1;Danny Ocean ;Me Rehúso;86997229;ESP
2;Luis Fonsi ;Despacito (Featuring Daddy Yankee);84898078;ESP
3;Ed Sheeran ;Shape of You;75025268;ESP
4;Maluma ;Felices los 4;62333388;ESP
5;CNCO ;Reggaetón Lento (Bailemos);58975376;ESP
6;Zion & Lennox ;Otra Vez;55507579;ESP
7;Becky G ;Mayores;53540593;ESP
8;Carlos Vives ;La Bicicleta;53413322;ESP
9;Enrique Iglesias ;DUELE EL CORAZON;53390637;ESP
10;Gente De Zona ;La Gozadera;52011928;ESP
11;Natti Natasha ;Criminal;51185660;ESP
12;Becky G ;Sin Pijama;50648315;ESP
13;Shakira ;Chantaje;50342639;ESP
14;Nio Garcia ;Te Boté ;49551343;ESP
15;Morat ;Cómo Te Atreves;49220518;ESP
16;Luis Fonsi ;Échame La Culpa;48210269;ESP
17;J Balvin ;Mi Gente;47141319;ESP
18;Nicky Jam ;El Perdón;46793325;ESP
19;Enrique Iglesias ;SUBEME LA RADIO;45998091;ESP
20;Enrique Iglesias ;Bailando ;45703071;ESP
21;Drake ;One Dance;45652519;ESP
22;Wisin ;Escápate Conmigo;45174993;ESP
23;Reik ;Me Niego;44659460;ESP
24;Major Lazer ;Lean On;44010362;ESP
25;Sebastian Yatra ;Traicionera;43909151;ESP
1;Avicii ;Wake Me Up;94942758;SWE
2;Ed Sheeran ;Shape of You;76063214;SWE
3;Luis Fonsi ;Despacito ;60104827;SWE
4;Ed Sheeran ;Thinking Out Loud;54630199;SWE
5;Alan Walker ;Faded;54455505;SWE
6;Justin Bieber ;Love Yourself;51530372;SWE
7;Avicii ;Without You;50556337;SWE
8;Ed Sheeran ;I See Fire;50023277;SWE
9;Drake ;One Dance;47905783;SWE
10;Lukas Graham ;7 Years;47546299;SWE
11;Zara Larsson ;Lush Life;47401883;SWE
12;Post Malone ;rockstar;46443807;SWE
13;Justin Timberlake ;"CAN'T STOP THE FEELING! (Original Song from DreamWorks Animation's ""TROLLS"")";45840684;SWE
14;Mike Posner ;I Took A Pill In Ibiza ;45218932;SWE
15;Sam Smith ;Stay With Me;43916512;SWE
16;John Legend ;All of Me;43534705;SWE
17;Adele ;Hello;42854691;SWE
18;Axwell /\ Ingrosso ;More Than You Know;42592995;SWE
19;Mike Perry ;The Ocean;42539831;SWE
20;Major Lazer ;Lean On;41497424;SWE
21;Avicii ;Hey Brother;41477137;SWE
22;The Chainsmokers ;Something Just Like This;41217160;SWE
23;Justin Bieber ;What Do You Mean?;40902676;SWE
24;Justin Bieber ;Sorry;40294978;SWE
25;Laleh ;Bara Få Va Mig Själv;39671611;SWE
1;Ed Sheeran ;Shape of You;12879304;CHE
2;Luis Fonsi ;Despacito (Featuring Daddy Yankee);7610208;CHE
3;Drake ;One Dance;7555090;CHE
4;Post Malone ;rockstar;7521612;CHE
5;French Montana ;Unforgettable;7090460;CHE
6;Lo & Leduc ;079;6720455;CHE
7;Axwell /\ Ingrosso ;More Than You Know;6531512;CHE
8;Camila Cabello ;Havana;6511791;CHE
9;Alan Walker ;Faded;6504010;CHE
10;Major Lazer ;Lean On;6286600;CHE
11;Imagine Dragons ;Thunder;6164714;CHE
12;Ed Sheeran ;Perfect;5583508;CHE
13;Sia ;Cheap Thrills;5519089;CHE
14;The Chainsmokers ;Something Just Like This;5514424;CHE
15;Imagine Dragons ;Believer;5477306;CHE
16;Ed Sheeran ;Photograph;5322836;CHE
17;The Chainsmokers ;Don't Let Me Down;5275712;CHE
18;Drake ;God's Plan;5275658;CHE
19;Dua Lipa ;New Rules;5272925;CHE
20;Mike Posner ;I Took A Pill In Ibiza ;5194309;CHE
21;Robin Schulz ;Sugar;5132110;CHE
22;Ed Sheeran ;Thinking Out Loud;5097280;CHE
23;Kygo ;It Ain't Me;5052164;CHE
24;Robin Schulz ;OK;4849210;CHE
25;Martin Jensen ;Solo Dance;4757033;CHE
1;Ed Sheeran ;Shape of You;10447235;TWN
2;The Chainsmokers ;Something Just Like This;10306915;TWN
3;The Chainsmokers ;Closer;9179364;TWN
4;JJ Lin ;不為誰而作的歌;8299512;TWN
5;Alan Walker ;Faded;7956910;TWN
6;Joker Xue ;演員;7729282;TWN
7;Ed Sheeran ;Photograph;7341981;TWN
8;Crowd Lu ;魚仔 ;6740668;TWN
9;Eric Chou ;以後別做朋友;6666242;TWN
10;Eric Chou ;你,好不好? ;6591691;TWN
11;Charlie Puth ;We Don't Talk Anymore;6377750;TWN
12;JJ Lin ;可惜沒如果;6376512;TWN
13;Mayday ;後來的我們;6010881;TWN
14;Namewee ;飄向北方;5973663;TWN
15;G.E.M. ;光年之外 (電影 《Passengers》 中國區主題曲);5666373;TWN
16;Camila Cabello ;Havana;5650877;TWN
17;Zedd ;Stay;5467144;TWN
18;Ed Sheeran ;Thinking Out Loud;5382123;TWN
19;G.E.M. ;泡沫;4964483;TWN
20;Charlie Puth ;Attention;4939742;TWN
21;James Arthur ;Say You Won't Let Go;4893866;TWN
22;Luis Fonsi ;Despacito ;4881596;TWN
23;Maroon 5 ;Sugar;4860052;TWN
24;Rainie Yang ;年輪說;4764363;TWN
25;The Chainsmokers ;Don't Let Me Down;4724847;TWN
1;Pop Pongkool ;ภาพจำ;2864200;THA
2;Atom Chanakan ;Good Morning Teacher;2802445;THA
3;Camila Cabello ;Havana;2351268;THA
4;Fukking Hero ;นอนได้แล้ว;2286814;THA
5;Lipta ;หมอกร้าย;2263346;THA
6;Earth Patravee ;ถ้าฉันหายไป(Skyline);2091024;THA
7;O-Pavee;คนที่ไม่ใช่;2067948;THA
8;Room 39 ;บอกตัวเอง;2006454;THA
9;Ed Sheeran ;Perfect;1949819;THA
10;The Toys ;04:00;1925875;THA
11;Wonderframe ;อยู่ดีๆก็…;1920886;THA
12;D Gerrard ;Galaxy;1884513;THA
13;Dua Lipa ;New Rules;1819917;THA
14;meyou. ;พอจะรู้;1754735;THA
15;Ed Sheeran ;Shape of You;1683993;THA
16;HONNE ;Day 1 ◑;1657000;THA
17;Atom Chanakan ;อย่าบอก;1653818;THA
18;Non Tanon ;ฝืนตัวเองไม่เป็น;1587025;THA
19;BLACKPINK ;DDU-DU DDU-DU ;1586373;THA
20;Sam Smith ;Too Good At Goodbyes;1568878;THA
21;Illslick ;ถ้าเธอต้องเลือก;1513076;THA
22;Khalid ;Young Dumb & Broke;1505646;THA
23;Zedd ;The Middle;1498185;THA
24;BNK48 ;Koisuru Fortune Cookie คุกกี้เสี่ยงทาย;1496334;THA
25;Maroon 5 ;Girls Like You;1487379;THA
1;Ed Sheeran ;Shape of You;23666743;TUR
2;Ezhel ;Geceler;23012819;TUR
3;Gazapizm ;Heyecanı Yok;16933231;TUR
4;Ezhel ;İmkansızım;16328176;TUR
5;Dua Lipa ;New Rules;16260043;TUR
6;Imagine Dragons ;Believer;15241034;TUR
7;Post Malone ;rockstar;15126856;TUR
8;LP ;Lost on You;15035732;TUR
9;The Weeknd ;Starboy;14960717;TUR
10;Ezhel ;Şehrimin Tadı;14646393;TUR
11;Aleyna Tilki ;Yalnız Çiçek;14412823;TUR
12;Deeperise ;Raf;14074569;TUR
13;Camila Cabello ;Havana;13426580;TUR
14;Aleyna Tilki ;Sen Olsan Bari;13279076;TUR
15;Sia ;Cheap Thrills;13147893;TUR
16;Imagine Dragons ;Thunder;12275244;TUR
17;Yüzyüzeyken Konuşuruz ;Ne Farkeder;12257075;TUR
18;Sıla ;Yan Benimle;11898405;TUR
19;Luis Fonsi ;Despacito ;11762024;TUR
20;Burak King ;Yanıyoruz;11731343;TUR
21;Drake ;One Dance;11505650;TUR
22;Edis ;Çok Çok;11414373;TUR
23;Clean Bandit ;Rockabye;11275187;TUR
24;Pinhani ;Beni Sen İnandır;10617142;TUR
25;Charlie Puth ;Attention;10280968;TUR
1;Danny Ocean ;Me Rehúso;4001399;URY
2;Luis Fonsi ;Despacito (Featuring Daddy Yankee);3879164;URY
3;Ed Sheeran ;Shape of You;3598621;URY
4;Zion & Lennox ;Otra Vez;3486394;URY
5;Natti Natasha ;Criminal;3483146;URY
6;CNCO ;Reggaetón Lento (Bailemos);3319198;URY
7;Maluma ;Felices los 4;3244680;URY
8;Wisin ;Escápate Conmigo;2994677;URY
9;Becky G ;Mayores;2819571;URY
10;Ozuna ;Se Preparó;2732855;URY
11;Chris Jeday ;Ahora Dice;2680835;URY
12;Piso 21 ;Déjala Que Vuelva;2633377;URY
13;Sebastian Yatra ;Traicionera;2594589;URY
14;Rombai ;Cuando Se Pone a Bailar;2553453;URY
15;Shakira ;Chantaje;2529099;URY
16;Maluma ;Borro Cassette;2469979;URY
17;Nicky Jam ;El Amante;2466761;URY
18;CNCO ;Hey DJ;2464542;URY
19;Dame 5 ;Piel a Piel;2443018;URY
20;Luis Fonsi ;Échame La Culpa;2386220;URY
21;Reik ;Me Niego;2344057;URY
22;Daddy Yankee ;La Rompe Corazones;2342376;URY
23;Nacho ;Báilame ;2338304;URY
24;Piso 21 ;Me Llamas;2325093;URY
25;Joey Montana ;Suena El Dembow;2319701;URY
1;My Tam ;Nguoi Hay Quen Em DI;1040540;VNM
2;BTS ;FAKE LOVE;897615;VNM
3;Bich Phuong ;Bùa Yêu;81638;VNM
4;Zedd ;The Middle;627347;VNM
5;My Tam ;Muon Mang La Tu Luc;625448;VNM
6;Min ;Em mới là người yêu anh;617943;VNM
7;Marshmello ;FRIENDS;605402;VNM
8;My Tam ;Dau Chi Rieng Em;598402;VNM
9;Camila Cabello ;Havana;597104;VNM
10;Alan Walker ;All Falls Down;588147;VNM
11;Son Tung M-TP;CHẠY NGAY ĐI;578758;VNM
12;Maroon 5 ;Girls Like You;551036;VNM
13;Le Hieu ;Ngày Mai Em Đi;547203;VNM
14;My Tam ;Dung Hoi 'em;51845;VNM
15;SHAUN ;Way Back Home;508691;VNM
16;My Tam ;Neu Anh Di;483174;VNM
17;BTS ;The Truth Untold;482443;VNM
18;Ed Sheeran ;Shape of You;451849;VNM
19;Martin Garrix ;So Far Away;433184;VNM
20;Ariana Grande ;no tears left to cry;407652;VNM
21;My Tam ;Biet Khi Nao Gap Lai;399441;VNM
22;MOMOLAND ;BBoom BBoom;397706;VNM
23;Selena Gomez ;Back To You;394604;VNM
24;Selena Gomez ;Wolves;383973;VNM
25;BTS ;DNA;357973;VNM